Kobiety,Imię,Nazwisko,Wiek,Mail,Numer telefonu,Poziom,Newsletter,Opłacone,Kod wejściówki,Zgłoszenie,Zgłoszona wpłata,Potwierdzenie,Przypomnienie,Komentarz
1
2
3
4
5
6

Mężczyźni,Imię,Nazwisko,Wiek,Mail,Numer telefonu,Poziom,Newsletter,Opłacone,Kod wejściówki,Zgłoszenie,Zgłoszona wpłata,Potwierdzenie,Przypomnienie,Komentarz
1
2
3
4
5
6

Lista rezerwowa,Płeć,Imię,Nazwisko,Wiek,Mail,Numer telefonu,Poziom,Newsletter,Kod wejściówki,Zgłoszenie,Zgłoszona wpłata,Opłacone,Potwierdzenie,Przypomnienie,Komentarz
1
2
3
4
5
6
7
8
9
10
11
12
13
14
15
16
17
18
19
20

Zgłoszone wpłaty,Płeć,Imię,Nazwisko,Wiek,Mail,Numer telefonu,Poziom,Newsletter,Kod wejściówki,Zgłoszenie,Zgłoszona wpłata,Opłacone,Potwierdzenie,Przypomnienie,Komentarz
1
2
3
4
5
6
7
8
9
10
11
12
13
14
15
16
17
18
19
20
